,id,name,symbol,country,indices,industries,symbols,metadata,isins,wiki_name
0,325,Apple Inc.,AAPL,United States,"['DOW JONES', 'NASDAQ 100', 'S&P 100', 'S&P 500']","['Computers, Phones & Household Electronics', 'Technology', 'Technology Equipment', 'Phones & Handheld Devices']","[{'yahoo': 'APC.F', 'google': 'FRA:APC', 'currency': 'EUR'}, {'yahoo': 'AAPL', 'google': 'NASDAQ:AAPL', 'currency': 'USD'}]","{'founded': 1976, 'employees': 137000}",['US0378331005'],
1,329,Cisco Systems Inc.,CSCO,United States,"['DOW JONES', 'NASDAQ 100', 'S&P 100', 'S&P 500']","['Technology', 'Technology Equipment', 'Communications & Networking']","[{'yahoo': 'CIS.F', 'google': 'FRA:CIS', 'currency': 'EUR'}, {'yahoo': 'CSCO', 'google': 'NASDAQ:CSCO', 'currency': 'USD'}]","{'founded': 1984, 'employees': 75900}",[],
2,336,Intel Corporation,INTC,United States,"['DOW JONES', 'NASDAQ 100', 'S&P 100', 'S&P 500']","['Technology', 'Technology Equipment', 'Semiconductors & Semiconductor Equipment', 'Semiconductors']","[{'yahoo': 'INL.F', 'google': 'FRA:INL', 'currency': 'EUR'}, {'yahoo': 'INTC', 'google': 'NASDAQ:INTC', 'currency': 'USD'}]","{'founded': 1968, 'employees': 110800}",[],
3,341,Microsoft Corporation,MSFT,United States,"['DOW JONES', 'NASDAQ 100', 'S&P 100', 'S&P 500']","['Software', 'Technology', 'Software & IT Services']","[{'yahoo': 'MSF.F', 'google': 'FRA:MSF', 'currency': 'EUR'}, {'yahoo': 'MSFT', 'google': 'NASDAQ:MSFT', 'currency': 'USD'}]","{'founded': 1975, 'employees': 166475}",['US5949181045'],
4,351,Walgreens Boots Alliance Inc.,WBA,United States,"['DOW JONES', 'NASDAQ 100', 'S&P 100', 'S&P 500']","['Consumer Non-Cyclicals', 'Food & Drug Retailing', 'Drug Retailers']","[{'yahoo': 'W8A.F', 'google': 'FRA:W8A', 'currency': 'EUR'}, {'yahoo': 'WBA', 'google': 'NASDAQ:WBA', 'currency': 'USD'}, {'yahoo': '0LSZ.L', 'google': 'LON:0LSZ', 'currency': 'GBP'}]","{'founded': 2014, 'employees': 450000}",[],
5,353,Activision Blizzard Inc.,ATVI,United States,"['NASDAQ 100', 'S&P 500']","['Technology', 'Software & IT Services', 'Internet Services']","[{'yahoo': 'AIY.F', 'google': 'FRA:AIY', 'currency': 'EUR'}, {'yahoo': 'ATVI', 'google': 'NASDAQ:ATVI', 'currency': 'USD'}]","{'founded': 2008, 'employees': 9200}",['US00507V1098'],
6,354,Adobe Inc.,ADBE,United States,"['NASDAQ 100', 'S&P 100', 'S&P 500']","['Software', 'Technology', 'Software & IT Services']","[{'yahoo': 'ADB.F', 'google': 'FRA:ADB', 'currency': 'EUR'}, {'yahoo': 'ADBE', 'google': 'NASDAQ:ADBE', 'currency': 'USD'}]","{'founded': 1982, 'employees': ''}",[],
7,356,Alexion Pharmaceuticals Inc.,ALXN,United States,"['NASDAQ 100', 'S&P 500']","['Pharmaceuticals', 'Pharmaceuticals & Medical Research', 'Healthcare']","[{'yahoo': 'AXP.F', 'google': 'FRA:AXP', 'currency': 'EUR'}, {'yahoo': 'ALXN', 'google': 'NASDAQ:ALXN', 'currency': 'USD'}]","{'founded': 1992, 'employees': 2525}",[],
8,357,Alphabet Inc.,GOOGL,United States,"['NASDAQ 100', 'S&P 100', 'S&P 500']","['Technology', 'Software & IT Services', 'Internet Services']","[{'yahoo': 'ABEC.F', 'google': 'FRA:ABEC', 'currency': 'EUR'}, {'yahoo': 'GOOGL', 'google': 'NASDAQ:GOOGL', 'currency': 'USD'}, {'yahoo': 'ABEA.F', 'google': 'FRA:ABEA', 'currency': 'EUR'}, {'yahoo': 'GOOG', 'google': 'NASDAQ:GOOG', 'currency': 'USD'}]","{'founded': 2015, 'employees': 127498}","['US02079K3059', 'US02079K1079']",
9,358,Amazon.com Inc.,AMZN,United States,"['NASDAQ 100', 'S&P 100', 'S&P 500']","['Diversified Retail', 'Retailers', 'Department Stores', 'Consumer Cyclicals']","[{'yahoo': 'AMZ.F', 'google': 'FRA:AMZ', 'currency': 'EUR'}, {'yahoo': 'AMZN', 'google': 'NASDAQ:AMZN', 'currency': 'USD'}]","{'founded': 1994, 'employees': 1225300}",['US0231351067'],
10,360,Amgen Inc.,AMGN,United States,"['DOW JONES', 'NASDAQ 100', 'S&P 100', 'S&P 500']","['Pharmaceuticals', 'Pharmaceuticals & Medical Research', 'Healthcare']","[{'yahoo': 'AMG.F', 'google': 'FRA:AMG', 'currency': 'EUR'}, {'yahoo': 'AMGN', 'google': 'NASDAQ:AMGN', 'currency': 'USD'}]","{'founded': 1980, 'employees': 22000}",[],
11,361,Analog Devices Inc.,ADI,United States,"['NASDAQ 100', 'S&P 500']","['Technology', 'Technology Equipment', 'Semiconductors & Semiconductor Equipment', 'Semiconductors']","[{'yahoo': 'ANL.F', 'google': 'FRA:ANL', 'currency': 'EUR'}, {'yahoo': 'ADI', 'google': 'NASDAQ:ADI', 'currency': 'USD'}, {'yahoo': '0HFN.L', 'google': 'LON:0HFN', 'currency': 'GBP'}]","{'founded': 1965, 'employees': 15300}",[],
12,362,Applied Materials Inc.,AMAT,United States,"['NASDAQ 100', 'S&P 500']","['Semiconductor Equipment & Testing', 'Technology', 'Technology Equipment', 'Semiconductors & Semiconductor Equipment']","[{'yahoo': 'AP2.F', 'google': 'FRA:AP2', 'currency': 'EUR'}, {'yahoo': 'AMAT', 'google': 'NASDAQ:AMAT', 'currency': 'USD'}]","{'founded': 1967, 'employees': 21000}",[],
13,363,Autodesk Inc.,ADSK,United States,"['NASDAQ 100', 'S&P 500']","['Software', 'Technology', 'Software & IT Services']","[{'yahoo': 'AUD.F', 'google': 'FRA:AUD', 'currency': 'EUR'}, {'yahoo': 'ADSK', 'google': 'NASDAQ:ADSK', 'currency': 'USD'}]","{'founded': 1982, 'employees': 10300}",[],
14,364,Automatic Data Processing Inc.,ADP,United States,"['NASDAQ 100', 'S&P 500']","['Technology', 'Software & IT Services', 'IT Services & Consulting']","[{'yahoo': 'ADP.F', 'google': 'FRA:ADP', 'currency': 'EUR'}, {'yahoo': 'ADP', 'google': 'NASDAQ:ADP', 'currency': 'USD'}, {'yahoo': '0HJI.L', 'google': 'LON:0HJI', 'currency': 'GBP'}]","{'founded': 1949, 'employees': 23}",[],
15,365,Baidu Inc.,BIDU,China,['NASDAQ 100'],"['Technology', 'Software & IT Services', 'Internet Services']","[{'yahoo': 'B1C.F', 'google': 'FRA:B1C', 'currency': 'EUR'}, {'yahoo': 'BIDU', 'google': 'NASDAQ:BIDU', 'currency': 'USD'}]","{'founded': 2000, 'employees': 45887}",[],
16,367,Biogen Inc.,BIIB,United States,"['NASDAQ 100', 'S&P 100', 'S&P 500']","['Pharmaceuticals', 'Pharmaceuticals & Medical Research', 'Healthcare']","[{'yahoo': 'IDP.F', 'google': 'FRA:IDP', 'currency': 'EUR'}, {'yahoo': 'BIIB', 'google': 'NASDAQ:BIIB', 'currency': 'USD'}]","{'founded': 1978, 'employees': 7300}",[],
17,370,Cerner Corporation,CERN,United States,"['NASDAQ 100', 'S&P 500']","['Healthcare', 'Advanced Medical Equipment & Technology', 'Healthcare Services', 'Healthcare Equipment & Supplies']","[{'yahoo': 'CRE.F', 'google': 'FRA:CRE', 'currency': 'EUR'}, {'yahoo': 'CERN', 'google': 'NASDAQ:CERN', 'currency': 'USD'}, {'yahoo': '0R00.L', 'google': 'LON:0R00', 'currency': 'GBP'}]","{'founded': 1979, 'employees': 27400}",[],
18,371,Charter Communications Inc.,CHTR,United States,"['NASDAQ 100', 'S&P 100', 'S&P 500']","['Media & Publishing', 'Cyclical Consumer Services', 'Broadcasting', 'Consumer Cyclicals']","[{'yahoo': 'CQD.F', 'google': 'FRA:CQD', 'currency': 'EUR'}, {'yahoo': 'CHTR', 'google': 'NASDAQ:CHTR', 'currency': 'USD'}, {'yahoo': '0HW4.L', 'google': 'LON:0HW4', 'currency': 'GBP'}]","{'founded': 1993, 'employees': 98000}",[],
19,372,Check Point Software Technologies Ltd.,CHKP,Israel,['NASDAQ 100'],"['Software', 'Technology', 'Software & IT Services']","[{'yahoo': 'CPW.F', 'google': 'FRA:CPW', 'currency': 'EUR'}, {'yahoo': 'CHKP', 'google': 'NASDAQ:CHKP', 'currency': 'USD'}]","{'founded': 1993, 'employees': 5200}",[],
20,374,Cognizant Technology Solutions Corporation,CTSH,United States,"['NASDAQ 100', 'S&P 500']","['Technology', 'Software & IT Services', 'IT Services & Consulting']","[{'yahoo': 'COZ.F', 'google': 'FRA:COZ', 'currency': 'EUR'}, {'yahoo': 'CTSH', 'google': 'NASDAQ:CTSH', 'currency': 'USD'}, {'yahoo': '0QZ5.L', 'google': 'LON:0QZ5', 'currency': 'GBP'}]","{'founded': 1994, 'employees': 281500}",[],
21,375,Comcast Corporation,CMCSA,United States,"['NASDAQ 100', 'S&P 100', 'S&P 500']","['Media & Publishing', 'Cyclical Consumer Services', 'Broadcasting', 'Consumer Cyclicals']","[{'yahoo': 'CTP2.F', 'google': 'FRA:CTP2', 'currency': 'EUR'}, {'yahoo': 'CMCSA', 'google': 'NASDAQ:CMCSA', 'currency': 'USD'}]","{'founded': 1963, 'employees': 190000}",[],
22,376,Costco Wholesale Corporation,COST,United States,"['NASDAQ 100', 'S&P 100', 'S&P 500']","['Diversified Retail', 'Retailers', 'Discount Stores', 'Consumer Cyclicals']","[{'yahoo': 'CTO.F', 'google': 'FRA:CTO', 'currency': 'EUR'}, {'yahoo': 'COST', 'google': 'NASDAQ:COST', 'currency': 'USD'}]","{'founded': 1976, 'employees': 254000}",[],
23,377,CSX Corporation,CSX,United States,"['NASDAQ 100', 'S&P 500']","['Ground Freight & Logistics', 'Industrials', 'Freight & Logistics Services', 'Transportation']","[{'yahoo': 'CXR.F', 'google': 'FRA:CXR', 'currency': 'EUR'}, {'yahoo': 'CSX', 'google': 'NASDAQ:CSX', 'currency': 'USD'}, {'yahoo': '0HRJ.L', 'google': 'LON:0HRJ', 'currency': 'GBP'}]","{'founded': 1980, 'employees': 20908}",[],
24,378,"Ctrip.com International, Ltd.",CTRP,China,['NASDAQ 100'],"['Hotels & Entertainment Services', 'Leisure & Recreation', 'Cyclical Consumer Services', 'Consumer Cyclicals']","[{'yahoo': 'CLV.F', 'google': 'FRA:CLV', 'currency': 'EUR'}, {'yahoo': 'CTRP', 'google': 'NASDAQ:CTRP', 'currency': 'USD'}, {'yahoo': 'TCOM', 'google': 'NASDAQ:TCOM', 'currency': 'USD'}]","{'founded': 1999, 'employees': 44300}",[],
25,382,Dollar Tree Inc.,DLTR,United States,"['NASDAQ 100', 'S&P 500']","['Diversified Retail', 'Retailers', 'Discount Stores', 'Consumer Cyclicals']","[{'yahoo': 'DT3.F', 'google': 'FRA:DT3', 'currency': 'EUR'}, {'yahoo': 'DLTR', 'google': 'NASDAQ:DLTR', 'currency': 'USD'}]","{'founded': 1986, 'employees': 193100}",[],
26,383,eBay Inc.,EBAY,United States,"['NASDAQ 100', 'S&P 500']","['Technology', 'Software & IT Services', 'Internet Services']","[{'yahoo': 'EBA.F', 'google': 'FRA:EBA', 'currency': 'EUR'}, {'yahoo': 'EBAY', 'google': 'NASDAQ:EBAY', 'currency': 'USD'}]","{'founded': 1995, 'employees': 13300}",[],
27,384,Electronic Arts Inc.,EA,United States,"['NASDAQ 100', 'S&P 500']","['Software', 'Technology', 'Software & IT Services']","[{'yahoo': 'ERT.F', 'google': 'FRA:ERT', 'currency': 'EUR'}, {'yahoo': 'EA', 'google': 'NASDAQ:EA', 'currency': 'USD'}, {'yahoo': '0IFX.L', 'google': 'LON:0IFX', 'currency': 'GBP'}]","{'founded': 1982, 'employees': 9300}",[],
28,386,Facebook Inc.,FB,United States,"['NASDAQ 100', 'S&P 100', 'S&P 500']","['Technology', 'Software & IT Services', 'Internet Services']","[{'yahoo': 'FB2A.F', 'google': 'FRA:FB2A', 'currency': 'EUR'}, {'yahoo': 'FB', 'google': 'NASDAQ:FB', 'currency': 'USD'}]","{'founded': 2004, 'employees': 52534}",[],
29,387,Fastenal Company,FAST,United States,"['NASDAQ 100', 'S&P 500']","['Industrial Goods', 'Industrials', 'Machinery, Equipment & Components', 'Industrial Machinery & Equipment']","[{'yahoo': 'FAS.F', 'google': 'FRA:FAS', 'currency': 'EUR'}, {'yahoo': 'FAST', 'google': 'NASDAQ:FAST', 'currency': 'USD'}, {'yahoo': '0IKW.L', 'google': 'LON:0IKW', 'currency': 'GBP'}]","{'founded': 1967, 'employees': 20565}",[],
30,388,Fiserv Inc.,FISV,United States,"['NASDAQ 100', 'S&P 500']","['Business Support Services', 'Industrials', 'Professional & Commercial Services', 'Industrial & Commercial Services']","[{'yahoo': 'FIV.F', 'google': 'FRA:FIV', 'currency': 'EUR'}, {'yahoo': 'FISV', 'google': 'NASDAQ:FISV', 'currency': 'USD'}]","{'founded': 1984, 'employees': 44000}",[],
31,389,Gilead Sciences Inc.,GILD,United States,"['NASDAQ 100', 'S&P 100', 'S&P 500']","['Biotechnology & Medical Research', 'Pharmaceuticals & Medical Research', 'Healthcare']","[{'yahoo': 'GIS.F', 'google': 'FRA:GIS', 'currency': 'EUR'}, {'yahoo': 'GILD', 'google': 'NASDAQ:GILD', 'currency': 'USD'}]","{'founded': 1987, 'employees': 11800}",[],
32,391,Illumina Inc.,ILMN,United States,"['NASDAQ 100', 'S&P 500']","['Healthcare', 'Advanced Medical Equipment & Technology', 'Healthcare Services', 'Healthcare Equipment & Supplies']","[{'yahoo': 'ILU.F', 'google': 'FRA:ILU', 'currency': 'EUR'}, {'yahoo': 'ILMN', 'google': 'NASDAQ:ILMN', 'currency': 'USD'}, {'yahoo': '0J8Z.L', 'google': 'LON:0J8Z', 'currency': 'GBP'}]","{'founded': 1998, 'employees': 7300}",[],
33,392,Incyte Corporation,INCY,United States,"['NASDAQ 100', 'S&P 500']","['Biotechnology & Medical Research', 'Pharmaceuticals & Medical Research', 'Healthcare']","[{'yahoo': 'ICY.F', 'google': 'FRA:ICY', 'currency': 'EUR'}, {'yahoo': 'INCY', 'google': 'NASDAQ:INCY', 'currency': 'USD'}, {'yahoo': '0J9P.L', 'google': 'LON:0J9P', 'currency': 'GBP'}]","{'founded': 1991, 'employees': 1456}",[],
34,393,Intuit Inc.,INTU,United States,"['NASDAQ 100', 'S&P 500']","['Software', 'Technology', 'Software & IT Services']","[{'yahoo': 'ITU.F', 'google': 'FRA:ITU', 'currency': 'EUR'}, {'yahoo': 'INTU', 'google': 'NASDAQ:INTU', 'currency': 'USD'}]","{'founded': 1983, 'employees': 9400}",[],
35,394,Intuitive Surgical Inc.,ISRG,United States,"['NASDAQ 100', 'S&P 500']","['Healthcare', 'Advanced Medical Equipment & Technology', 'Healthcare Services', 'Healthcare Equipment & Supplies']","[{'yahoo': 'IUI1.F', 'google': 'FRA:IUI1', 'currency': 'EUR'}, {'yahoo': 'ISRG', 'google': 'NASDAQ:ISRG', 'currency': 'USD'}]","{'founded': 1995, 'employees': 5527}",[],
36,395,JD.com Inc.,JD,China,['NASDAQ 100'],"['Technology', 'Software & IT Services', 'Internet Services']","[{'yahoo': '013A.F', 'google': 'FRA:013A', 'currency': 'EUR'}, {'yahoo': 'JD', 'google': 'NASDAQ:JD', 'currency': 'USD'}, {'yahoo': 'JDCMF', 'google': 'OTCMKTS:JDCMF', 'currency': 'USD'}]","{'founded': '', 'employees': 227730}",[],
37,396,The Kraft Heinz Company,KHC,United States,"['NASDAQ 100', 'S&P 100', 'S&P 500']","['Food & Beverages', 'Consumer Non-Cyclicals', 'Food Processing', 'Food & Tobacco']","[{'yahoo': 'KHNZ.F', 'google': 'FRA:KHNZ', 'currency': 'EUR'}, {'yahoo': 'KHC', 'google': 'NASDAQ:KHC', 'currency': 'USD'}]","{'founded': 2015, 'employees': 38757}",[],
38,397,Lam Research Corporation,LRCX,United States,"['NASDAQ 100', 'S&P 500']","['Semiconductor Equipment & Testing', 'Technology', 'Technology Equipment', 'Semiconductors & Semiconductor Equipment']","[{'yahoo': 'LAR.F', 'google': 'FRA:LAR', 'currency': 'EUR'}, {'yahoo': 'LRCX', 'google': 'NASDAQ:LRCX', 'currency': 'USD'}, {'yahoo': '0JT5.L', 'google': 'LON:0JT5', 'currency': 'GBP'}]","{'founded': 1980, 'employees': 10700}",[],
39,399,Marriott International Inc.,MAR,United States,"['NASDAQ 100', 'S&P 500']","['Hotels & Entertainment Services', 'Cyclical Consumer Services', 'Hotels, Motels & Cruise Lines', 'Consumer Cyclicals']","[{'yahoo': 'MAQ.F', 'google': 'FRA:MAQ', 'currency': 'EUR'}, {'yahoo': 'MAR', 'google': 'NASDAQ:MAR', 'currency': 'USD'}, {'yahoo': '0JYW.L', 'google': 'LON:0JYW', 'currency': 'GBP'}]","{'founded': 1927, 'employees': 174000}",[],
40,401,Maxim Integrated Products Inc.,MXIM,United States,"['NASDAQ 100', 'S&P 500']","['Technology', 'Technology Equipment', 'Semiconductors & Semiconductor Equipment', 'Semiconductors']","[{'yahoo': 'MXI.F', 'google': 'FRA:MXI', 'currency': 'EUR'}, {'yahoo': 'MXIM', 'google': 'NASDAQ:MXIM', 'currency': 'USD'}, {'yahoo': '0JZM.L', 'google': 'LON:0JZM', 'currency': 'GBP'}]","{'founded': 1983, 'employees': 7131}",[],
41,402,Microchip Technology Inc.,MCHP,United States,"['NASDAQ 100', 'S&P 500']","['Technology', 'Technology Equipment', 'Semiconductors & Semiconductor Equipment', 'Semiconductors']","[{'yahoo': 'MCP.F', 'google': 'FRA:MCP', 'currency': 'EUR'}, {'yahoo': 'MCHP', 'google': 'NASDAQ:MCHP', 'currency': 'USD'}, {'yahoo': '0K19.L', 'google': 'LON:0K19', 'currency': 'GBP'}]","{'founded': 1989, 'employees': 18286}",[],
42,403,Micron Technology Inc.,MU,United States,"['NASDAQ 100', 'S&P 500']","['Technology', 'Technology Equipment', 'Semiconductors & Semiconductor Equipment', 'Semiconductors']","[{'yahoo': 'MTE.F', 'google': 'FRA:MTE', 'currency': 'EUR'}, {'yahoo': 'MU', 'google': 'NASDAQ:MU', 'currency': 'USD'}]","{'founded': 1978, 'employees': 40000}",[],
43,404,Mondelez International Inc.,MDLZ,United States,"['NASDAQ 100', 'S&P 100', 'S&P 500']","['Food & Beverages', 'Consumer Non-Cyclicals', 'Food Processing', 'Food & Tobacco']","[{'yahoo': 'KTF.F', 'google': 'FRA:KTF', 'currency': 'EUR'}, {'yahoo': 'MDLZ', 'google': 'NASDAQ:MDLZ', 'currency': 'USD'}, {'yahoo': '0R0G.L', 'google': 'LON:0R0G', 'currency': 'GBP'}]","{'founded': 2012, 'employees': 80000}",[],
44,405,Monster Beverage Corporation,MNST,United States,"['NASDAQ 100', 'S&P 500']","['Food & Beverages', 'Consumer Non-Cyclicals', 'Beverages', 'Non-Alcoholic Beverages']","[{'yahoo': 'MOB.F', 'google': 'FRA:MOB', 'currency': 'EUR'}, {'yahoo': 'MNST', 'google': 'NASDAQ:MNST', 'currency': 'USD'}, {'yahoo': '0K34.L', 'google': 'LON:0K34', 'currency': 'GBP'}]","{'founded': 1935, 'employees': 1991}",[],
45,408,NetEase Inc.,NTES,China,['NASDAQ 100'],"['Technology', 'Software & IT Services', 'IT Services & Consulting']","[{'yahoo': 'NEH.F', 'google': 'FRA:NEH', 'currency': 'EUR'}, {'yahoo': 'NTES', 'google': 'NASDAQ:NTES', 'currency': 'USD'}]","{'founded': 1997, 'employees': 18129}",[],
46,409,Netflix Inc.,NFLX,United States,"['NASDAQ 100', 'S&P 100', 'S&P 500']","['Technology', 'Software & IT Services', 'Internet Services']","[{'yahoo': 'NFC.F', 'google': 'FRA:NFC', 'currency': 'EUR'}, {'yahoo': 'NFLX', 'google': 'NASDAQ:NFLX', 'currency': 'USD'}]","{'founded': 1997, 'employees': 8600}",[],
47,410,NVIDIA Corporation,NVDA,United States,"['NASDAQ 100', 'S&P 100', 'S&P 500']","['Technology', 'Technology Equipment', 'Semiconductors & Semiconductor Equipment', 'Semiconductors']","[{'yahoo': 'NVD.F', 'google': 'FRA:NVD', 'currency': 'EUR'}, {'yahoo': 'NVDA', 'google': 'NASDAQ:NVDA', 'currency': 'USD'}]","{'founded': 1993, 'employees': 18100}",[],
48,411,NXP Semiconductors N.V.,NXPI,Netherlands,['NASDAQ 100'],"['Technology', 'Technology Equipment', 'Semiconductors & Semiconductor Equipment', 'Semiconductors']","[{'yahoo': 'VNX.F', 'google': 'FRA:VNX', 'currency': 'EUR'}, {'yahoo': 'NXPI', 'google': 'NASDAQ:NXPI', 'currency': 'USD'}, {'yahoo': '0EDE.L', 'google': 'LON:0EDE', 'currency': 'GBP'}]","{'founded': 1953, 'employees': 31000}",[],
49,412,O'Reilly Automotive Inc.,ORLY,United States,"['NASDAQ 100', 'S&P 500']","['Auto Vehicles, Parts & Service Retailers', 'Retailers', 'Specialty Retailers', 'Consumer Cyclicals']","[{'yahoo': 'OM6.F', 'google': 'FRA:OM6', 'currency': 'EUR'}, {'yahoo': 'ORLY', 'google': 'NASDAQ:ORLY', 'currency': 'USD'}, {'yahoo': '0KAB.L', 'google': 'LON:0KAB', 'currency': 'GBP'}]","{'founded': 1957, 'employees': 82484}",[],
50,413,PACCAR Inc,PCAR,United States,"['NASDAQ 100', 'S&P 500']","['Industrial Goods', 'Industrials', 'Heavy Machinery & Vehicles', 'Machinery, Equipment & Components']","[{'yahoo': 'PAE.F', 'google': 'FRA:PAE', 'currency': 'EUR'}, {'yahoo': 'PCAR', 'google': 'NASDAQ:PCAR', 'currency': 'USD'}, {'yahoo': '0KET.L', 'google': 'LON:0KET', 'currency': 'GBP'}]","{'founded': 1905, 'employees': 27000}",[],
51,414,Paychex Inc.,PAYX,United States,"['NASDAQ 100', 'S&P 500']","['Industrials', 'Professional & Commercial Services', 'Employment Services', 'Industrial & Commercial Services']","[{'yahoo': 'PCX.F', 'google': 'FRA:PCX', 'currency': 'EUR'}, {'yahoo': 'PAYX', 'google': 'NASDAQ:PAYX', 'currency': 'USD'}]","{'founded': 1971, 'employees': 14300}",[],
52,415,PayPal Holdings Inc.,PYPL,United States,"['NASDAQ 100', 'S&P 100', 'S&P 500']","['Technology', 'Software & IT Services', 'Internet Services']","[{'yahoo': '2PP.F', 'google': 'FRA:2PP', 'currency': 'EUR'}, {'yahoo': 'PYPL', 'google': 'NASDAQ:PYPL', 'currency': 'USD'}]","{'founded': 1998, 'employees': 21800}",[],
53,416,Qualcomm Inc.,QCOM,United States,"['NASDAQ 100', 'S&P 100', 'S&P 500']","['Technology', 'Technology Equipment', 'Semiconductors & Semiconductor Equipment', 'Semiconductors']","[{'yahoo': 'QCI.F', 'google': 'FRA:QCI', 'currency': 'EUR'}, {'yahoo': 'QCOM', 'google': 'NASDAQ:QCOM', 'currency': 'USD'}]","{'founded': 1985, 'employees': 37000}",[],
54,417,Regeneron Pharmaceuticals Inc.,REGN,United States,"['NASDAQ 100', 'S&P 500']","['Biotechnology & Medical Research', 'Pharmaceuticals & Medical Research', 'Healthcare']","[{'yahoo': 'RGO.F', 'google': 'FRA:RGO', 'currency': 'EUR'}, {'yahoo': 'REGN', 'google': 'NASDAQ:REGN', 'currency': 'USD'}]","{'founded': 1988, 'employees': 8100}",[],
55,418,Ross Stores Inc.,ROST,United States,"['NASDAQ 100', 'S&P 500']","['Retailers', 'Apparel & Accessories Retailers', 'Specialty Retailers', 'Consumer Cyclicals']","[{'yahoo': 'RSO.F', 'google': 'FRA:RSO', 'currency': 'EUR'}, {'yahoo': 'ROST', 'google': 'NASDAQ:ROST', 'currency': 'USD'}, {'yahoo': '0KXO.L', 'google': 'LON:0KXO', 'currency': 'GBP'}]","{'founded': 1982, 'employees': 88100}",[],
56,420,Sirius XM Holdings Inc.,SIRI,United States,['NASDAQ 100'],"['Media & Publishing', 'Cyclical Consumer Services', 'Broadcasting', 'Consumer Cyclicals']","[{'yahoo': 'RDO.F', 'google': 'FRA:RDO', 'currency': 'EUR'}, {'yahoo': 'SIRI', 'google': 'NASDAQ:SIRI', 'currency': 'USD'}, {'yahoo': '0L6Z.L', 'google': 'LON:0L6Z', 'currency': 'GBP'}]","{'founded': 2008, 'employees': 4534}",[],
57,421,Skyworks Solutions Inc.,SWKS,United States,"['NASDAQ 100', 'S&P 500']","['Technology', 'Technology Equipment', 'Semiconductors & Semiconductor Equipment', 'Semiconductors']","[{'yahoo': 'AWM.F', 'google': 'FRA:AWM', 'currency': 'EUR'}, {'yahoo': 'SWKS', 'google': 'NASDAQ:SWKS', 'currency': 'USD'}, {'yahoo': '0L77.L', 'google': 'LON:0L77', 'currency': 'GBP'}]","{'founded': 2002, 'employees': 10017}",[],
58,422,Starbucks Corporation,SBUX,United States,"['NASDAQ 100', 'S&P 100', 'S&P 500']","['Hotels & Entertainment Services', 'Restaurants & Bars', 'Cyclical Consumer Services', 'Consumer Cyclicals']","[{'yahoo': 'SRB.F', 'google': 'FRA:SRB', 'currency': 'EUR'}, {'yahoo': 'SBUX', 'google': 'NASDAQ:SBUX', 'currency': 'USD'}]","{'founded': 1971, 'employees': 346000}",[],
59,425,T-Mobile US Inc.,TMUS,United States,"['NASDAQ 100', 'S&P 500']","['Telecommunications Services', 'Wireless Telecommunications Services']","[{'yahoo': 'TM5.F', 'google': 'FRA:TM5', 'currency': 'EUR'}, {'yahoo': 'TMUS', 'google': 'NASDAQ:TMUS', 'currency': 'USD'}]","{'founded': 1994, 'employees': 52000}",['US8725901040'],
60,426,Tesla Inc.,TSLA,United States,"['NASDAQ 100', 'S&P 100', 'S&P 500']","['Auto & Truck Manufacturers', 'Automobiles & Auto Parts', 'Consumer Cyclicals']","[{'yahoo': 'TL0.F', 'google': 'FRA:TL0', 'currency': 'EUR'}, {'yahoo': 'TSLA', 'google': 'NASDAQ:TSLA', 'currency': 'USD'}]","{'founded': 2003, 'employees': 48016}",['US88160R1014'],
61,427,Texas Instruments Inc.,TXN,United States,"['NASDAQ 100', 'S&P 100', 'S&P 500']","['Technology', 'Technology Equipment', 'Semiconductors & Semiconductor Equipment', 'Semiconductors']","[{'yahoo': 'TII.F', 'google': 'FRA:TII', 'currency': 'EUR'}, {'yahoo': 'TXN', 'google': 'NASDAQ:TXN', 'currency': 'USD'}, {'yahoo': '0R2H.L', 'google': 'LON:0R2H', 'currency': 'GBP'}]","{'founded': 1930, 'employees': 29888}",[],
62,431,Verisk Analytics Inc.,VRSK,United States,"['NASDAQ 100', 'S&P 500']","['Technology', 'Software & IT Services', 'IT Services & Consulting']","[{'yahoo': 'VA7A.F', 'google': 'FRA:VA7A', 'currency': 'EUR'}, {'yahoo': 'VRSK', 'google': 'NASDAQ:VRSK', 'currency': 'USD'}, {'yahoo': '0LP3.L', 'google': 'LON:0LP3', 'currency': 'GBP'}]","{'founded': 1971, 'employees': 9300}",[],
63,432,Vertex Pharmaceuticals Inc.,VRTX,United States,"['NASDAQ 100', 'S&P 500']","['Biotechnology & Medical Research', 'Pharmaceuticals & Medical Research', 'Healthcare']","[{'yahoo': 'VX1.F', 'google': 'FRA:VX1', 'currency': 'EUR'}, {'yahoo': 'VRTX', 'google': 'NASDAQ:VRTX', 'currency': 'USD'}, {'yahoo': '0QZU.L', 'google': 'LON:0QZU', 'currency': 'GBP'}]","{'founded': 1989, 'employees': 3000}",[],
64,435,Xilinx Inc.,XLNX,United States,"['NASDAQ 100', 'S&P 500']","['Technology', 'Technology Equipment', 'Semiconductors & Semiconductor Equipment', 'Semiconductors']","[{'yahoo': 'XIX.F', 'google': 'FRA:XIX', 'currency': 'EUR'}, {'yahoo': 'XLNX', 'google': 'NASDAQ:XLNX', 'currency': 'USD'}]","{'founded': 1984, 'employees': 4891}",[],
65,448,Booking Holdings Inc.,BKNG,United States,"['NASDAQ 100', 'S&P 100', 'S&P 500']","['Hotels & Entertainment Services', 'Leisure & Recreation', 'Cyclical Consumer Services', 'Consumer Cyclicals']","[{'yahoo': 'PCE1.F', 'google': 'FRA:PCE1', 'currency': 'EUR'}, {'yahoo': 'BKNG', 'google': 'NASDAQ:BKNG', 'currency': 'USD'}]","{'founded': 1996, 'employees': 26400}",[],
66,459,Exelon Corporation,EXC,United States,"['NASDAQ 100', 'S&P 100', 'S&P 500']","['Electric Utilities', 'Electric Utilities & IPPs', 'Utilities']","[{'yahoo': 'PEO.F', 'google': 'FRA:PEO', 'currency': 'EUR'}, {'yahoo': 'EXC', 'google': 'NYSE:EXC', 'currency': 'USD'}, {'yahoo': '0IJN.L', 'google': 'LON:0IJN', 'currency': 'GBP'}]","{'founded': 2000, 'employees': 33383}",[],
67,486,Advanced Micro Devices Inc.,AMD,United States,"['NASDAQ 100', 'S&P 500']","['Environmental Services & Equipment', 'Industrials', 'Professional & Commercial Services', 'Industrial & Commercial Services']","[{'yahoo': 'AMD.F', 'google': 'FRA:AMD', 'currency': 'EUR'}, {'yahoo': 'AMD', 'google': 'NASDAQ:AMD', 'currency': 'USD'}]","{'founded': 1969, 'employees': ''}",[],
68,495,Align Technology Inc.,ALGN,United States,"['NASDAQ 100', 'S&P 500']","['Medical Equipment, Supplies & Distribution', 'Healthcare', 'Healthcare Services', 'Healthcare Equipment & Supplies']","[{'yahoo': 'AFW.F', 'google': 'FRA:AFW', 'currency': 'EUR'}, {'yahoo': 'ALGN', 'google': 'NASDAQ:ALGN', 'currency': 'USD'}, {'yahoo': '0HCK.L', 'google': 'LON:0HCK', 'currency': 'GBP'}]","{'founded': 1997, 'employees': 11660}",['US0162551016'],
69,499,American Electric Power Company Inc.,AEP,United States,"['NASDAQ 100', 'S&P 500']","['Electric Utilities', 'Electric Utilities & IPPs', 'Utilities']","[{'yahoo': 'AEP.F', 'google': 'FRA:AEP', 'currency': 'EUR'}, {'yahoo': 'AEP', 'google': 'NYSE:AEP', 'currency': 'USD'}, {'yahoo': '0HEC.L', 'google': 'LON:0HEC', 'currency': 'GBP'}]","{'founded': 1906, 'employees': 17666}",[],
70,507,ANSYS Inc.,ANSS,United States,"['NASDAQ 100', 'S&P 500']","['Software', 'Technology', 'Software & IT Services']","[{'yahoo': 'AKX.F', 'google': 'FRA:AKX', 'currency': 'EUR'}, {'yahoo': 'ANSS', 'google': 'NASDAQ:ANSS', 'currency': 'USD'}, {'yahoo': '0HG3.L', 'google': 'LON:0HG3', 'currency': 'GBP'}]","{'founded': 1970, 'employees': 4100}",[],
71,533,Broadcom Inc.,AVGO,United States,"['NASDAQ 100', 'S&P 500']","['Technology', 'Technology Equipment', 'Semiconductors & Semiconductor Equipment', 'Semiconductors']","[{'yahoo': '1YD.F', 'google': 'FRA:1YD', 'currency': 'EUR'}, {'yahoo': 'AVGO', 'google': 'NASDAQ:AVGO', 'currency': 'USD'}, {'yahoo': '0YXG.L', 'google': 'LON:0YXG', 'currency': 'GBP'}]","{'founded': 1961, 'employees': 19000}",[],
72,538,Cadence Design Systems Inc.,CDNS,United States,"['NASDAQ 100', 'S&P 500']","['Software', 'Technology', 'Software & IT Services']","[{'yahoo': 'CDS.F', 'google': 'FRA:CDS', 'currency': 'EUR'}, {'yahoo': 'CDNS', 'google': 'NASDAQ:CDNS', 'currency': 'USD'}, {'yahoo': '0HS2.L', 'google': 'LON:0HS2', 'currency': 'GBP'}]","{'founded': 1988, 'employees': 8900}",[],
73,556,Cintas Corporation,CTAS,United States,"['NASDAQ 100', 'S&P 500']","['Business Support Services', 'Industrials', 'Professional & Commercial Services', 'Industrial & Commercial Services']","[{'yahoo': 'CIT.F', 'google': 'FRA:CIT', 'currency': 'EUR'}, {'yahoo': 'CTAS', 'google': 'NASDAQ:CTAS', 'currency': 'USD'}, {'yahoo': '0HYJ.L', 'google': 'LON:0HYJ', 'currency': 'GBP'}]","{'founded': 1929, 'employees': 45000}",[],
74,567,Copart Inc.,CPRT,United States,"['NASDAQ 100', 'S&P 500']","['Auto Vehicles, Parts & Service Retailers', 'Retailers', 'Specialty Retailers', 'Consumer Cyclicals']","[{'yahoo': 'CO6.F', 'google': 'FRA:CO6', 'currency': 'EUR'}, {'yahoo': 'CPRT', 'google': 'NASDAQ:CPRT', 'currency': 'USD'}]","{'founded': 1982, 'employees': 7600}",[],
75,619,Fox Corporation,FOXA,United States,"['NASDAQ 100', 'S&P 500']","['Media & Publishing', 'Cyclical Consumer Services', 'Broadcasting', 'Consumer Cyclicals']","[{'yahoo': 'FOXA', 'google': 'NASDAQ:FOXA', 'currency': 'USD'}, {'yahoo': 'FXBY', 'google': 'OTCMKTS:FXBY', 'currency': 'USD'}, {'yahoo': 'FOX', 'google': 'NASDAQ:FOX', 'currency': 'USD'}, {'yahoo': 'FO5B.F', 'google': 'FRA:FO5B', 'currency': 'EUR'}]","{'founded': 2019, 'employees': 9000}","['US35137L1052', 'US35137L2043']",
76,650,IDEXX Laboratories Inc.,IDXX,United States,"['NASDAQ 100', 'S&P 500']","['Medical Equipment, Supplies & Distribution', 'Healthcare', 'Healthcare Services', 'Healthcare Equipment & Supplies']","[{'yahoo': 'IX1.F', 'google': 'FRA:IX1', 'currency': 'EUR'}, {'yahoo': 'IDXX', 'google': 'NASDAQ:IDXX', 'currency': 'USD'}, {'yahoo': '0J8P.L', 'google': 'LON:0J8P', 'currency': 'GBP'}]","{'founded': 1983, 'employees': 9200}",[],
77,675,KLA-Tencor Corporation,KLAC,United States,"['NASDAQ 100', 'S&P 500']","['Semiconductor Equipment & Testing', 'Technology', 'Technology Equipment', 'Semiconductors & Semiconductor Equipment']","[{'yahoo': 'KLA.F', 'google': 'FRA:KLA', 'currency': 'EUR'}, {'yahoo': 'KLAC', 'google': 'NASDAQ:KLAC', 'currency': 'USD'}, {'yahoo': '0JPO.L', 'google': 'LON:0JPO', 'currency': 'GBP'}]","{'founded': 1997, 'employees': 10000}",[],
78,774,Synopsys Inc.,SNPS,United States,"['NASDAQ 100', 'S&P 500']","['Software', 'Technology', 'Software & IT Services']","[{'yahoo': 'SYP.F', 'google': 'FRA:SYP', 'currency': 'EUR'}, {'yahoo': 'SNPS', 'google': 'NASDAQ:SNPS', 'currency': 'USD'}, {'yahoo': '0LBP.L', 'google': 'LON:0LBP', 'currency': 'GBP'}]","{'founded': 1986, 'employees': 13000}",[],
79,799,VeriSign Inc.,VRSN,United States,"['NASDAQ 100', 'S&P 500']","['Technology', 'Software & IT Services', 'IT Services & Consulting']","[{'yahoo': 'VRS.F', 'google': 'FRA:VRSN', 'currency': 'EUR'}, {'yahoo': 'VRSN', 'google': 'NASDAQ:VRSN', 'currency': 'USD'}, {'yahoo': '0LOZ.L', 'google': 'LON:0LOZ', 'currency': 'GBP'}]","{'founded': 1995, 'employees': 1019}",[],
80,880,ASML Holding N.V.,ASML,Netherlands,"['AEX', 'EURO STOXX 50', 'NASDAQ 100']","['Semiconductor Equipment & Testing', 'Technology', 'Technology Equipment', 'Semiconductors & Semiconductor Equipment']","[{'yahoo': 'ASME.F', 'google': 'FRA:ASME', 'currency': 'EUR'}, {'yahoo': 'ASMLF', 'google': 'OTCMKTS:ASMLF', 'currency': 'USD'}, {'yahoo': 'ASML', 'google': 'NASDAQ:ASML', 'currency': 'USD'}, {'yahoo': 'ASML.AS', 'google': 'AMS:ASML', 'currency': 'EUR'}]","{'founded': 1984, 'employees': 26000}",['NL0010273215'],
81,998,CDW Corporation,CDW,United States,"['NASDAQ 100', 'S&P 500']",['IT'],"[{'yahoo': 'CDW', 'google': 'NASDAQ:CDW', 'currency': 'USD'}, {'yahoo': 'CDW.F', 'google': 'FRA:CDW', 'currency': 'EUR'}]","{'founded': 1984, 'employees': 9019}",['US12514G1085'],CDW Corporation
82,999,"DexCom, Inc.",DXCM,United States,"['NASDAQ 100', 'S&P 500']",[],"[{'yahoo': 'DXCM', 'google': 'NASDAQ:DXCM', 'currency': 'USD'}, {'yahoo': 'DC4.F', 'google': 'FRA:DC4', 'currency': 'EUR'}, {'yahoo': '0A4M.L', 'google': 'LON:0A4M', 'currency': 'GBP'}]","{'founded': 1999, 'employees': 3900}",[],"DexCom, Inc."
83,1025,"PepsiCo, Inc.",PEP,United States,"['NASDAQ 100', 'S&P 100', 'S&P 500']",['Beverages'],"[{'yahoo': 'PEP', 'google': 'NASDAQ:PEP', 'currency': 'USD'}, {'yahoo': 'PEP.F', 'google': 'FRA:PEP', 'currency': 'EUR'}]","{'founded': 1920, 'employees': 267000}",[],"PepsiCo, Inc."
84,1041,Xcel Energy Inc.,XEL,United States,"['NASDAQ 100', 'S&P 500']",[],"[{'yahoo': 'XEL', 'google': 'NASDAQ:XEL', 'currency': 'USD'}, {'yahoo': 'NRN.F', 'google': 'FRA:NRN', 'currency': 'EUR'}, {'yahoo': '0M1R.L', 'google': 'LON:0M1R', 'currency': 'GBP'}]","{'founded': 1909, 'employees': 11075}",[],Xcel Energy Inc.
85,1174,Atlassian Corporation Plc,TEAM,Australia,['NASDAQ 100'],['Software'],"[{'yahoo': 'TEAM', 'google': 'NASDAQ:TEAM', 'currency': 'USD'}, {'yahoo': '59A.F', 'google': 'FRA:59A', 'currency': 'EUR'}]","{'founded': 2002, 'employees': 4907}",[],Atlassian Corporation Plc
86,1175,"DocuSign, Inc.",DOCU,United States,['NASDAQ 100'],[],"[{'yahoo': 'DOCU', 'google': 'NASDAQ:DOCU', 'currency': 'USD'}, {'yahoo': 'DS3.F', 'google': 'FRA:DS3', 'currency': 'EUR'}, {'yahoo': '0XNH.L', 'google': 'LON:0XNH', 'currency': 'GBP'}]","{'founded': 2003, 'employees': 3909}",[],"DocuSign, Inc."
87,1176,Keurig Dr Pepper Inc.,KDP,United States,['NASDAQ 100'],['Beverage'],"[{'yahoo': 'DP5.F', 'google': 'FRA:DP5', 'currency': 'EUR'}, {'yahoo': 'KDP', 'google': 'NASDAQ:KDP', 'currency': 'USD'}, {'yahoo': '0Z62.L', 'google': 'LON:0Z62', 'currency': 'GBP'}]","{'founded': 1981, 'employees': 25500}",[],Keurig Dr Pepper Inc.
88,1177,lululemon athletica inc.,LULU,Canada,['NASDAQ 100'],['Retail'],"[{'yahoo': 'LULU', 'google': 'NASDAQ:LULU', 'currency': 'USD'}, {'yahoo': '33L.F', 'google': 'FRA:33L', 'currency': 'EUR'}]","{'founded': 1998, 'employees': 15700}",[],lululemon athletica inc.
89,1178,Marvell Technology Group Ltd.,MRVL,United States,['NASDAQ 100'],['Semiconductor'],"[{'yahoo': 'MVL.F', 'google': 'FRA:MVL', 'currency': 'EUR'}, {'yahoo': 'MRVL', 'google': 'NASDAQ:MRVL', 'currency': 'USD'}, {'yahoo': '0UBI.L', 'google': 'LON:0UBI', 'currency': 'GBP'}]","{'founded': 1995, 'employees': 5200}",[],Marvell Technology Group Ltd.
90,1179,"Match Group, Inc.",MTCH,United States,['NASDAQ 100'],['Online dating service'],"[{'yahoo': 'MTCH', 'google': 'NASDAQ:MTCH', 'currency': 'USD'}]","{'founded': '', 'employees': 1700}",[],"Match Group, Inc."
91,1180,"Mercado Libre, Inc.",MELI,Argentina,['NASDAQ 100'],[],"[{'yahoo': 'MELI', 'google': 'NASDAQ:MELI', 'currency': 'USD'}]","{'founded': 1999, 'employees': 15500}",[],"Mercado Libre, Inc."
92,1181,"Moderna, Inc.",MRNA,United States,['NASDAQ 100'],['Biotechnology'],"[{'yahoo': 'MRNA', 'google': 'NASDAQ:MRNA', 'currency': 'USD'}, {'yahoo': '0QF.F', 'google': 'FRA:0QF', 'currency': 'EUR'}]","{'founded': 2010, 'employees': 830}",[],"Moderna, Inc."
93,1182,"Okta, Inc.",OKTA,United States,['NASDAQ 100'],['Software'],"[{'yahoo': '0KB7.L', 'google': 'LON:0KB7', 'currency': 'GBP'}, {'yahoo': '0OK.F', 'google': 'FRA:0OK', 'currency': 'EUR'}, {'yahoo': 'OKTA', 'google': 'NASDAQ:OKTA', 'currency': 'USD'}]","{'founded': 2009, 'employees': 2379}",[],"Okta, Inc."
94,1183,"Peloton Interactive, Inc.",PTON,United States,['NASDAQ 100'],['Exercise equipment'],"[{'yahoo': '2ON.F', 'google': 'FRA:2ON', 'currency': 'EUR'}, {'yahoo': '0A46.L', 'google': 'LON:0A46', 'currency': 'GBP'}, {'yahoo': 'PTON', 'google': 'NASDAQ:PTON', 'currency': 'USD'}]","{'founded': 2012, 'employees': 1800}",[],"Peloton Interactive, Inc."
95,1184,Pinduoduo Inc.,PDD,China,['NASDAQ 100'],['Internet'],"[{'yahoo': '9PDA.F', 'google': 'FRA:9PDA', 'currency': 'EUR'}, {'yahoo': 'PDD', 'google': 'NASDAQ:PDD', 'currency': 'USD'}]","{'founded': '', 'employees': ''}",[],Pinduoduo Inc.
96,1185,Seagen Inc.,SGEN,United States,['NASDAQ 100'],"['Biotechnology', 'pharmaceutical']","[{'yahoo': 'SGT.F', 'google': 'FRA:SGT', 'currency': 'EUR'}, {'yahoo': 'SGEN', 'google': 'NASDAQ:SGEN', 'currency': 'USD'}]","{'founded': 1997, 'employees': 1605}",[],Seagen Inc.
97,1186,Splunk Inc.,SPLK,United States,['NASDAQ 100'],[],"[{'yahoo': 'S0U.F', 'google': 'FRA:S0U', 'currency': 'EUR'}, {'yahoo': 'SPLK', 'google': 'NASDAQ:SPLK', 'currency': 'USD'}]","{'founded': 2003, 'employees': 5800}",[],Splunk Inc.
98,1187,"Workday, Inc.",WDAY,United States,['NASDAQ 100'],"['Cloud computing', 'Software']","[{'yahoo': 'WDAY', 'google': 'NASDAQ:WDAY', 'currency': 'USD'}, {'yahoo': '0M18.L', 'google': 'LON:0M18', 'currency': 'GBP'}]","{'founded': 2005, 'employees': 12500}",['US98138H1014'],"Workday, Inc."
99,1188,"Zoom Video Communications, Inc.",ZM,United States,['NASDAQ 100'],[],"[{'yahoo': '5ZM.F', 'google': 'FRA:5ZM', 'currency': 'EUR'}, {'yahoo': 'ZM', 'google': 'NASDAQ:ZM', 'currency': 'USD'}, {'yahoo': '0A1O.L', 'google': 'LON:0A1O', 'currency': 'GBP'}]","{'founded': 2011, 'employees': 2532}",[],"Zoom Video Communications, Inc."
